{
  "token_acc":1.0,
  "token_p":1.0,
  "token_r":1.0,
  "token_f":1.0,
  "ents_p":0.57,
  "ents_r":0.6785714286,
  "ents_f":0.6195652174,
  "ents_per_type":{
    "LOC":{
      "p":0.2553191489,
      "r":0.5454545455,
      "f":0.347826087
    },
    "PERSON":{
      "p":0.8490566038,
      "r":0.7258064516,
      "f":0.7826086957
    }
  },
  "speed":31873.6594641697
}