{
  "token_acc":1.0,
  "token_p":1.0,
  "token_r":1.0,
  "token_f":1.0,
  "ents_p":0.6901408451,
  "ents_r":0.5833333333,
  "ents_f":0.6322580645,
  "ents_per_type":{
    "LOC":{
      "p":0.5384615385,
      "r":0.3181818182,
      "f":0.4
    },
    "PERSON":{
      "p":0.724137931,
      "r":0.6774193548,
      "f":0.7
    }
  },
  "speed":35286.9676318729
}