{
  "token_acc":0.989462863,
  "token_p":0.989462863,
  "token_r":0.9734513274,
  "token_f":0.981391792,
  "ents_p":0.6404494382,
  "ents_r":0.6785714286,
  "ents_f":0.6589595376,
  "ents_per_type":{
    "LOC":{
      "p":0.6,
      "r":0.2727272727,
      "f":0.375
    },
    "PERSON":{
      "p":0.6455696203,
      "r":0.8225806452,
      "f":0.7234042553
    }
  },
  "speed":34990.7830390816
}