{
  "token_acc":0.989462863,
  "token_p":0.989462863,
  "token_r":0.9734513274,
  "token_f":0.981391792,
  "ents_p":0.7014925373,
  "ents_r":0.5595238095,
  "ents_f":0.6225165563,
  "ents_per_type":{
    "LOC":{
      "p":0.3125,
      "r":0.2272727273,
      "f":0.2631578947
    },
    "PERSON":{
      "p":0.8235294118,
      "r":0.6774193548,
      "f":0.7433628319
    }
  },
  "speed":35417.306638285
}