{
  "token_acc":0.989462863,
  "token_p":0.989462863,
  "token_r":0.9734513274,
  "token_f":0.981391792,
  "ents_p":0.6263736264,
  "ents_r":0.6785714286,
  "ents_f":0.6514285714,
  "ents_per_type":{
    "LOC":{
      "p":0.2857142857,
      "r":0.4545454545,
      "f":0.350877193
    },
    "PERSON":{
      "p":0.8392857143,
      "r":0.7580645161,
      "f":0.7966101695
    }
  },
  "speed":28908.505240725
}