{
  "token_acc":1.0,
  "token_p":1.0,
  "token_r":1.0,
  "token_f":1.0,
  "ents_p":0.6708860759,
  "ents_r":0.630952381,
  "ents_f":0.6503067485,
  "ents_per_type":{
    "PERSON":{
      "p":0.734375,
      "r":0.7580645161,
      "f":0.746031746
    },
    "LOC":{
      "p":0.4,
      "r":0.2727272727,
      "f":0.3243243243
    }
  },
  "speed":38593.2490092841
}