{
  "token_acc":0.989462863,
  "token_p":0.989462863,
  "token_r":0.9734513274,
  "token_f":0.981391792,
  "ents_p":0.5869565217,
  "ents_r":0.6428571429,
  "ents_f":0.6136363636,
  "ents_per_type":{
    "PERSON":{
      "p":0.5697674419,
      "r":0.7903225806,
      "f":0.6621621622
    },
    "LOC":{
      "p":0.8333333333,
      "r":0.2272727273,
      "f":0.3571428571
    }
  },
  "speed":35788.9178161907
}