{
  "token_acc":1.0,
  "token_p":1.0,
  "token_r":1.0,
  "token_f":1.0,
  "ents_p":0.6714285714,
  "ents_r":0.5595238095,
  "ents_f":0.6103896104,
  "ents_per_type":{
    "PERSON":{
      "p":0.7118644068,
      "r":0.6774193548,
      "f":0.694214876
    },
    "LOC":{
      "p":0.4545454545,
      "r":0.2272727273,
      "f":0.303030303
    }
  },
  "speed":36382.1690909156
}