{
  "token_acc":1.0,
  "token_p":1.0,
  "token_r":1.0,
  "token_f":1.0,
  "ents_p":0.6571428571,
  "ents_r":0.5476190476,
  "ents_f":0.5974025974,
  "ents_per_type":{
    "PERSON":{
      "p":0.7454545455,
      "r":0.6612903226,
      "f":0.7008547009
    },
    "LOC":{
      "p":0.3333333333,
      "r":0.2272727273,
      "f":0.2702702703
    }
  },
  "speed":34749.2591198044
}