{
  "token_acc":0.989462863,
  "token_p":0.989462863,
  "token_r":0.9734513274,
  "token_f":0.981391792,
  "ents_p":0.6428571429,
  "ents_r":0.6428571429,
  "ents_f":0.6428571429,
  "ents_per_type":{
    "PERSON":{
      "p":0.6911764706,
      "r":0.7580645161,
      "f":0.7230769231
    },
    "LOC":{
      "p":0.4375,
      "r":0.3181818182,
      "f":0.3684210526
    }
  },
  "speed":35601.4088301763
}