{
  "token_acc":0.989462863,
  "token_p":0.989462863,
  "token_r":0.9734513274,
  "token_f":0.981391792,
  "ents_p":0.7647058824,
  "ents_r":0.619047619,
  "ents_f":0.6842105263,
  "ents_per_type":{
    "LOC":{
      "p":0.5,
      "r":0.2272727273,
      "f":0.3125
    },
    "PERSON":{
      "p":0.8103448276,
      "r":0.7580645161,
      "f":0.7833333333
    }
  },
  "speed":32081.35708452
}