{
  "token_acc":0.989462863,
  "token_p":0.989462863,
  "token_r":0.9734513274,
  "token_f":0.981391792,
  "ents_p":0.6210526316,
  "ents_r":0.7023809524,
  "ents_f":0.6592178771,
  "ents_per_type":{
    "LOC":{
      "p":0.4166666667,
      "r":0.2272727273,
      "f":0.2941176471
    },
    "PERSON":{
      "p":0.6506024096,
      "r":0.8709677419,
      "f":0.7448275862
    }
  },
  "speed":35964.1381634929
}