{
  "token_acc":1.0,
  "token_p":1.0,
  "token_r":1.0,
  "token_f":1.0,
  "ents_p":0.6082474227,
  "ents_r":0.7023809524,
  "ents_f":0.6519337017,
  "ents_per_type":{
    "LOC":{
      "p":0.275862069,
      "r":0.3636363636,
      "f":0.3137254902
    },
    "PERSON":{
      "p":0.75,
      "r":0.8225806452,
      "f":0.7846153846
    }
  },
  "speed":34022.0654872775
}