{
  "token_acc":0.989462863,
  "token_p":0.989462863,
  "token_r":0.9734513274,
  "token_f":0.981391792,
  "ents_p":0.5730337079,
  "ents_r":0.6071428571,
  "ents_f":0.5895953757,
  "ents_per_type":{
    "LOC":{
      "p":0.3,
      "r":0.2727272727,
      "f":0.2857142857
    },
    "PERSON":{
      "p":0.652173913,
      "r":0.7258064516,
      "f":0.6870229008
    }
  },
  "speed":31139.3865200513
}