{
  "token_acc":0.989462863,
  "token_p":0.989462863,
  "token_r":0.9734513274,
  "token_f":0.981391792,
  "ents_p":0.6363636364,
  "ents_r":0.6666666667,
  "ents_f":0.6511627907,
  "ents_per_type":{
    "LOC":{
      "p":0.3333333333,
      "r":0.2727272727,
      "f":0.3
    },
    "PERSON":{
      "p":0.7142857143,
      "r":0.8064516129,
      "f":0.7575757576
    }
  },
  "speed":33285.076022956
}