{
  "token_acc":1.0,
  "token_p":1.0,
  "token_r":1.0,
  "token_f":1.0,
  "ents_p":0.6547619048,
  "ents_r":0.6547619048,
  "ents_f":0.6547619048,
  "ents_per_type":{
    "LOC":{
      "p":0.2916666667,
      "r":0.3181818182,
      "f":0.3043478261
    },
    "PERSON":{
      "p":0.8,
      "r":0.7741935484,
      "f":0.7868852459
    }
  },
  "speed":35017.4703268193
}