{
  "token_acc":1.0,
  "token_p":1.0,
  "token_r":1.0,
  "token_f":1.0,
  "ents_p":0.6707317073,
  "ents_r":0.6547619048,
  "ents_f":0.6626506024,
  "ents_per_type":{
    "PERSON":{
      "p":0.6714285714,
      "r":0.7580645161,
      "f":0.7121212121
    },
    "LOC":{
      "p":0.6666666667,
      "r":0.3636363636,
      "f":0.4705882353
    }
  },
  "speed":36309.7279051589
}