{
  "token_acc":0.989462863,
  "token_p":0.989462863,
  "token_r":0.9734513274,
  "token_f":0.981391792,
  "ents_p":0.4579439252,
  "ents_r":0.5833333333,
  "ents_f":0.5130890052,
  "ents_per_type":{
    "LOC":{
      "p":0.2181818182,
      "r":0.5454545455,
      "f":0.3116883117
    },
    "PERSON":{
      "p":0.7115384615,
      "r":0.5967741935,
      "f":0.649122807
    }
  },
  "speed":32296.8509644869
}