{
  "token_acc":0.989462863,
  "token_p":0.989462863,
  "token_r":0.9734513274,
  "token_f":0.981391792,
  "ents_p":0.6333333333,
  "ents_r":0.6785714286,
  "ents_f":0.6551724138,
  "ents_per_type":{
    "LOC":{
      "p":0.347826087,
      "r":0.3636363636,
      "f":0.3555555556
    },
    "PERSON":{
      "p":0.7313432836,
      "r":0.7903225806,
      "f":0.7596899225
    }
  },
  "speed":32256.5888195796
}