{
  "token_acc":0.989462863,
  "token_p":0.989462863,
  "token_r":0.9734513274,
  "token_f":0.981391792,
  "ents_p":0.5942028986,
  "ents_r":0.4880952381,
  "ents_f":0.5359477124,
  "ents_per_type":{
    "LOC":{
      "p":0.3888888889,
      "r":0.3181818182,
      "f":0.35
    },
    "PERSON":{
      "p":0.6666666667,
      "r":0.5483870968,
      "f":0.6017699115
    }
  },
  "speed":33963.4312128219
}