{
  "token_acc":1.0,
  "token_p":1.0,
  "token_r":1.0,
  "token_f":1.0,
  "ents_p":0.5584415584,
  "ents_r":0.5119047619,
  "ents_f":0.5341614907,
  "ents_per_type":{
    "PERSON":{
      "p":0.5441176471,
      "r":0.5967741935,
      "f":0.5692307692
    },
    "LOC":{
      "p":0.6666666667,
      "r":0.2727272727,
      "f":0.3870967742
    }
  },
  "speed":36121.5221029615
}