{
  "token_acc":1.0,
  "token_p":1.0,
  "token_r":1.0,
  "token_f":1.0,
  "ents_p":0.65,
  "ents_r":0.619047619,
  "ents_f":0.6341463415,
  "ents_per_type":{
    "LOC":{
      "p":0.3076923077,
      "r":0.3636363636,
      "f":0.3333333333
    },
    "PERSON":{
      "p":0.8148148148,
      "r":0.7096774194,
      "f":0.7586206897
    }
  },
  "speed":32909.8702795386
}