{
  "token_acc":1.0,
  "token_p":1.0,
  "token_r":1.0,
  "token_f":1.0,
  "ents_p":0.6744186047,
  "ents_r":0.6904761905,
  "ents_f":0.6823529412,
  "ents_per_type":{
    "PERSON":{
      "p":0.6842105263,
      "r":0.8387096774,
      "f":0.7536231884
    },
    "LOC":{
      "p":0.6,
      "r":0.2727272727,
      "f":0.375
    }
  },
  "speed":33921.004507334
}