{
  "token_acc":1.0,
  "token_p":1.0,
  "token_r":1.0,
  "token_f":1.0,
  "ents_p":0.72,
  "ents_r":0.6428571429,
  "ents_f":0.679245283,
  "ents_per_type":{
    "PERSON":{
      "p":0.7796610169,
      "r":0.7419354839,
      "f":0.7603305785
    },
    "LOC":{
      "p":0.5,
      "r":0.3636363636,
      "f":0.4210526316
    }
  },
  "speed":34538.8530846998
}